Model,R²_Train,R²_Test,RMSE_Test,MAE_Test
Linear Regression,0.9764345624948823,0.9537744513023803,3.2120322367795207,2.739706059707033
Random Forest,0.9944845583721343,0.9602643222660874,2.978030698127655,2.2356672188765505
Gradient Boosting,0.9999999842829036,0.9753611005490455,2.3450359798020854,1.6618114783899829
