Feature,Ação proposta,Margem nova (%),Delta (p.p.),Economia mensal estimada (R$)
Custo Combustível,-10% Custo Combustível,36.33633577038937,4.103591728282808,2939.117255838637
Custo Manutenção,-10% Custo Manutenção,35.99763914063162,3.7648950985250593,1216.8404029920475
